{
    "loss": 0.7837375998497009,
    "accuracy": 0.931034505367279
}