{
    "loss": 0.5973333716392517,
    "accuracy": 0.9482758641242981
}